{
    "test_loss": 0.0415543670165036,
    "test_acc": 99.51,
    "precision": 0.9945077298616761,
    "recall": 0.9955202606393809,
    "f1_score": 0.9950137376615447,
    "training_time": 16021.121402263641,
    "epochs_run": 12,
    "parameters": {
        "epochs": 50,
        "batch_size": 16,
        "learning_rate": 0.0001,
        "model": "mobilenetv3_large_100",
        "patience": 10
    }
}